{
"__comment": "by Sethbling%",
"textures": {
    "texture": "blocks/anvil_base",
    "lava_still": "blocks/lava_still",
    "coal_block": "blocks/coal_block"
},
"elements": [ 
{
    "__comment": "Orange",
    "from": [ 6, 6, 4 ],
    "to": [ 10, 10, 9 ],
    "faces": {
        "down":  { "uv": [ 0, 0, 0, 0 ], "texture": "#lava_still" },
        "up":    { "uv": [ 0, 0, 0, 0 ], "texture": "#lava_still" },
        "north": { "uv": [ 0, 0, 0, 0 ], "texture": "#lava_still" },
        "south": { "uv": [ 0, 0, 0, 0 ], "texture": "#lava_still" },
        "west":  { "uv": [ 0, 0, 0, 0 ], "texture": "#lava_still" },
        "east":  { "uv": [ 0, 0, 0, 0 ], "texture": "#lava_still" }
    }
},
{
    "from": [ 5.5, 9, 4 ],
    "to": [ 6, 9.5, 9 ],
    "faces": {
        "down":  { "uv": [ 10.5, 9, 10, 4 ], "texture": "#texture" },
        "up":    { "uv": [ 5.5, 4, 6, 9 ], "texture": "#texture" },
        "north": { "uv": [ 10, 6.5, 10.5, 7 ], "texture": "#texture" },
        "south": { "uv": [ 5.5, 6.5, 6, 7 ], "texture": "#texture" },
        "west":  { "uv": [ 4, 6.5, 9, 7 ], "texture": "#texture" },
        "east":  { "uv": [ 7, 6.5, 12, 7 ], "texture": "#texture" }
    }
},
{
    "from": [ 5.5, 6.5, 4 ],
    "to": [ 6, 7, 9 ],
    "faces": {
        "down":  { "uv": [ 10.5, 9, 10, 4 ], "texture": "#texture" },
        "up":    { "uv": [ 5.5, 4, 6, 9 ], "texture": "#texture" },
        "north": { "uv": [ 10, 9, 10.5, 9.5 ], "texture": "#texture" },
        "south": { "uv": [ 5.5, 9, 6, 9.5 ], "texture": "#texture" },
        "west":  { "uv": [ 4, 9, 9, 9.5 ], "texture": "#texture" },
        "east":  { "uv": [ 7, 9, 12, 9.5 ], "texture": "#texture" }
    }
},
{
    "from": [ 10, 9, 4 ],
    "to": [ 10.5, 9.5, 9 ],
    "faces": {
        "down":  { "uv": [ 6, 9, 5.5, 4 ], "texture": "#texture" },
        "up":    { "uv": [ 10, 4, 10.5, 9 ], "texture": "#texture" },
        "north": { "uv": [ 5.5, 6.5, 6, 7 ], "texture": "#texture" },
        "south": { "uv": [ 10, 6.5, 10.5, 7 ], "texture": "#texture" },
        "west":  { "uv": [ 4, 6.5, 9, 7 ], "texture": "#texture" },
        "east":  { "uv": [ 7, 6.5, 12, 7 ], "texture": "#texture" }
    }
},
{
    "from": [ 10, 6.5, 4 ],
    "to": [ 10.5, 7, 9 ],
    "faces": {
        "down":  { "uv": [ 6, 9, 5.5, 4 ], "texture": "#texture" },
        "up":    { "uv": [ 10, 4, 10.5, 9 ], "texture": "#texture" },
        "north": { "uv": [ 5.5, 9, 6, 9.5 ], "texture": "#texture" },
        "south": { "uv": [ 10, 9, 10.5, 9.5 ], "texture": "#texture" },
        "west":  { "uv": [ 4, 9, 9, 9.5 ], "texture": "#texture" },
        "east":  { "uv": [ 7, 9, 12, 9.5 ], "texture": "#texture" }
    }
},
{
    "from": [ 6.5, 10, 4 ],
    "to": [ 7, 10.5, 9 ],
    "faces": {
        "down":  { "uv": [ 9.5, 9, 9, 4 ], "texture": "#texture" },
        "up":    { "uv": [ 6.5, 4, 7, 9 ], "texture": "#texture" },
        "north": { "uv": [ 9, 5.5, 9.5, 6 ], "texture": "#texture" },
        "south": { "uv": [ 6.5, 5.5, 7, 6 ], "texture": "#texture" },
        "west":  { "uv": [ 4, 5.5, 9, 6 ], "texture": "#texture" },
        "east":  { "uv": [ 7, 5.5, 12, 6 ], "texture": "#texture" }
    }
},
{
    "from": [ 9, 10, 4 ],
    "to": [ 9.5, 10.5, 9 ],
    "faces": {
        "down":  { "uv": [ 7, 9, 6.5, 4 ], "texture": "#texture" },
        "up":    { "uv": [ 9, 4, 9.5, 9 ], "texture": "#texture" },
        "north": { "uv": [ 6.5, 5.5, 7, 6 ], "texture": "#texture" },
        "south": { "uv": [ 9, 5.5, 9.5, 6 ], "texture": "#texture" },
        "west":  { "uv": [ 4, 5.5, 9, 6 ], "texture": "#texture" },
        "east":  { "uv": [ 7, 5.5, 12, 6 ], "texture": "#texture" }
    }
},
{
    "from": [ 6.5, 5.5, 4 ],
    "to": [ 7, 6, 9 ],
    "faces": {
        "down":  { "uv": [ 9.5, 9, 9, 4 ], "texture": "#texture" },
        "up":    { "uv": [ 6.5, 4, 7, 9 ], "texture": "#texture" },
        "north": { "uv": [ 9, 10, 9.5, 10.5 ], "texture": "#texture" },
        "south": { "uv": [ 6.5, 10, 7, 10.5 ], "texture": "#texture" },
        "west":  { "uv": [ 4, 10, 9, 10.5 ], "texture": "#texture" },
        "east":  { "uv": [ 7, 10, 12, 10.5 ], "texture": "#texture" }
    }
},
{
    "from": [ 9, 5.5, 4 ],
    "to": [ 9.5, 6, 9 ],
    "faces": {
        "down":  { "uv": [ 7, 9, 6.5, 4 ], "texture": "#texture" },
        "up":    { "uv": [ 9, 4, 9.5, 9 ], "texture": "#texture" },
        "north": { "uv": [ 6.5, 10, 7, 10.5 ], "texture": "#texture" },
        "south": { "uv": [ 9, 10, 9.5, 10.5 ], "texture": "#texture" },
        "west":  { "uv": [ 4, 10, 9, 10.5 ], "texture": "#texture" },
        "east":  { "uv": [ 7, 10, 12, 10.5 ], "texture": "#texture" }
    }
},
{
    "from": [ 5.5, 5.5, 3.5 ],
    "to": [ 10.5, 10.5, 4 ],
    "faces": {
        "down":  { "uv": [ 10.5, 4, 5.5, 3.5 ], "texture": "#texture" },
        "up":    { "uv": [ 5.5, 3.5, 10.5, 4 ], "texture": "#texture" },
        "north": { "uv": [ 5.5, 5.5, 10.5, 10.5 ], "texture": "#texture" },
        "south": { "uv": [ 5.5, 5.5, 10.5, 10.5 ], "texture": "#texture" },
        "west":  { "uv": [ 3.5, 5.5, 4, 10.5 ], "texture": "#texture" },
        "east":  { "uv": [ 12, 5.5, 12.5, 10.5 ], "texture": "#texture" }
    }
},
{
    "from": [ 7, 7, 3 ],
    "to": [ 9, 9, 3.5 ],
    "faces": {
        "down":  { "uv": [ 9, 3.5, 7, 3 ], "texture": "#lava_still" },
        "up":    { "uv": [ 7, 3, 9, 3.5 ], "texture": "#lava_still" },
        "north": { "uv": [ 7, 7, 9, 9 ], "texture": "#lava_still" },
        "south": { "uv": [ 7, 7, 9, 9 ], "texture": "#lava_still" },
        "west":  { "uv": [ 3, 7, 3.5, 9 ], "texture": "#lava_still" },
        "east":  { "uv": [ 12.5, 7, 13, 9 ], "texture": "#lava_still" }
    }
},
{
    "from": [ 5, 8.5, -1 ],
    "to": [ 5.5, 9, 4 ],
    "faces": {
        "down":  { "uv": [ 11, 4, 10.5, 0 ], "texture": "#texture" },
        "up":    { "uv": [ 5, 0, 5.5, 4 ], "texture": "#texture" },
        "north": { "uv": [ 10.5, 7, 11, 7.5 ], "texture": "#texture" },
        "south": { "uv": [ 5, 7, 5.5, 7.5 ], "texture": "#texture" },
        "west":  { "uv": [ 0, 7, 4, 7.5 ], "texture": "#texture" },
        "east":  { "uv": [ 12, 7, 16, 7.5 ], "texture": "#texture" }
    }
},
{
    "from": [ 10.5, 8.5, -1 ],
    "to": [ 11, 9, 4 ],
    "faces": {
        "down":  { "uv": [ 5.5, 4, 5, 0 ], "texture": "#texture" },
        "up":    { "uv": [ 10.5, 0, 11, 4 ], "texture": "#texture" },
        "north": { "uv": [ 5, 7, 5.5, 7.5 ], "texture": "#texture" },
        "south": { "uv": [ 10.5, 7, 11, 7.5 ], "texture": "#texture" },
        "west":  { "uv": [ 0, 7, 4, 7.5 ], "texture": "#texture" },
        "east":  { "uv": [ 12, 7, 16, 7.5 ], "texture": "#texture" }
    }
},
{
    "from": [ 8, 5, -1 ],
    "to": [ 8.5, 5.5, 4 ],
    "faces": {
        "down":  { "uv": [ 8, 4, 7.5, 0 ], "texture": "#texture" },
        "up":    { "uv": [ 8, 0, 8.5, 4 ], "texture": "#texture" },
        "north": { "uv": [ 7.5, 10.5, 8, 11 ], "texture": "#texture" },
        "south": { "uv": [ 8, 10.5, 8.5, 11 ], "texture": "#texture" },
        "west":  { "uv": [ 0, 10.5, 4, 11 ], "texture": "#texture" },
        "east":  { "uv": [ 12, 10.5, 16, 11 ], "texture": "#texture" }
    }
},
{
    "from": [ 8, 5.5, -1.5 ],
    "to": [ 8.5, 7, -1 ],
    "faces": {
        "down":  { "uv": [ 8, 0, 7.5, 0 ], "texture": "#texture" },
        "up":    { "uv": [ 8, 0, 8.5, 0 ], "texture": "#texture" },
        "north": { "uv": [ 7.5, 9, 8, 10.5 ], "texture": "#texture" },
        "south": { "uv": [ 8, 9, 8.5, 10.5 ], "texture": "#texture" },
        "west":  { "uv": [ 0, 9, 0, 10.5 ], "texture": "#texture" },
        "east":  { "uv": [ 16, 9, 16, 10.5 ], "texture": "#texture" }
    }
},
{
    "from": [ 5.5, 8.5, -1.5 ],
    "to": [ 7, 9, -1 ],
    "faces": {
        "down":  { "uv": [ 10.5, 0, 9, 0 ], "texture": "#texture" },
        "up":    { "uv": [ 5.5, 0, 7, 0 ], "texture": "#texture" },
        "north": { "uv": [ 9, 7, 10.5, 7.5 ], "texture": "#texture" },
        "south": { "uv": [ 5.5, 7, 7, 7.5 ], "texture": "#texture" },
        "west":  { "uv": [ 0, 7, 0, 7.5 ], "texture": "#texture" },
        "east":  { "uv": [ 16, 7, 16, 7.5 ], "texture": "#texture" }
    }
},
{
    "from": [ 9, 8.5, -1.5 ],
    "to": [ 10.5, 9, -1 ],
    "faces": {
        "down":  { "uv": [ 7, 0, 5.5, 0 ], "texture": "#texture" },
        "up":    { "uv": [ 9, 0, 10.5, 0 ], "texture": "#texture" },
        "north": { "uv": [ 5.5, 7, 7, 7.5 ], "texture": "#texture" },
        "south": { "uv": [ 9, 7, 10.5, 7.5 ], "texture": "#texture" },
        "west":  { "uv": [ 0, 7, 0, 7.5 ], "texture": "#texture" },
        "east":  { "uv": [ 16, 7, 16, 7.5 ], "texture": "#texture" }
    }
},
{
    "from": [ 5.5, 5.5, 9 ],
    "to": [ 10.5, 10.5, 13.5 ],
    "faces": {
        "down":  { "uv": [ 10.5, 13.5, 5.5, 9 ], "texture": "#texture" },
        "up":    { "uv": [ 5.5, 9, 10.5, 13.5 ], "texture": "#texture" },
        "north": { "uv": [ 5.5, 5.5, 10.5, 10.5 ], "texture": "#texture" },
        "south": { "uv": [ 5.5, 5.5, 10.5, 10.5 ], "texture": "#texture" },
        "west":  { "uv": [ 9, 5.5, 13.5, 10.5 ], "texture": "#texture" },
        "east":  { "uv": [ 2.5, 5.5, 7, 10.5 ], "texture": "#texture" }
    }
},
{
    "from": [ 6.5, 9, 3 ],
    "to": [ 9.5, 9.5, 3.5 ],
    "faces": {
        "down":  { "uv": [ 9.5, 3.5, 6.5, 3 ], "texture": "#texture" },
        "up":    { "uv": [ 6.5, 3, 9.5, 3.5 ], "texture": "#texture" },
        "north": { "uv": [ 6.5, 6.5, 9.5, 7 ], "texture": "#texture" },
        "south": { "uv": [ 6.5, 6.5, 9.5, 7 ], "texture": "#texture" },
        "west":  { "uv": [ 3, 6.5, 3.5, 7 ], "texture": "#texture" },
        "east":  { "uv": [ 12.5, 6.5, 13, 7 ], "texture": "#texture" }
    }
},
{
    "from": [ 6.5, 6.5, 3 ],
    "to": [ 9.5, 7, 3.5 ],
    "faces": {
        "down":  { "uv": [ 9.5, 3.5, 6.5, 3 ], "texture": "#texture" },
        "up":    { "uv": [ 6.5, 3, 9.5, 3.5 ], "texture": "#texture" },
        "north": { "uv": [ 6.5, 9, 9.5, 9.5 ], "texture": "#texture" },
        "south": { "uv": [ 6.5, 9, 9.5, 9.5 ], "texture": "#texture" },
        "west":  { "uv": [ 3, 9, 3.5, 9.5 ], "texture": "#texture" },
        "east":  { "uv": [ 12.5, 9, 13, 9.5 ], "texture": "#texture" }
    }
},
{
    "from": [ 6.5, 7, 3 ],
    "to": [ 7, 9, 3.5 ],
    "faces": {
        "down":  { "uv": [ 9.5, 3.5, 9, 3 ], "texture": "#texture" },
        "up":    { "uv": [ 6.5, 3, 7, 3.5 ], "texture": "#texture" },
        "north": { "uv": [ 9, 7, 9.5, 9 ], "texture": "#texture" },
        "south": { "uv": [ 6.5, 7, 7, 9 ], "texture": "#texture" },
        "west":  { "uv": [ 3, 7, 3.5, 9 ], "texture": "#texture" },
        "east":  { "uv": [ 12.5, 7, 13, 9 ], "texture": "#texture" }
    }
},
{
    "from": [ 9, 7, 3 ],
    "to": [ 9.5, 9, 3.5 ],
    "faces": {
        "down":  { "uv": [ 7, 3.5, 6.5, 3 ], "texture": "#texture" },
        "up":    { "uv": [ 9, 3, 9.5, 3.5 ], "texture": "#texture" },
        "north": { "uv": [ 6.5, 7, 7, 9 ], "texture": "#texture" },
        "south": { "uv": [ 9, 7, 9.5, 9 ], "texture": "#texture" },
        "west":  { "uv": [ 3, 7, 3.5, 9 ], "texture": "#texture" },
        "east":  { "uv": [ 12.5, 7, 13, 9 ], "texture": "#texture" }
    }
},
{
    "from": [ 6, 6, 13.5 ],
    "to": [ 10, 10, 15 ],
    "faces": {
        "down":  { "uv": [ 10, 15, 6, 13.5 ], "texture": "#texture" },
        "up":    { "uv": [ 6, 13.5, 10, 15 ], "texture": "#texture" },
        "north": { "uv": [ 6, 6, 10, 10 ], "texture": "#texture" },
        "south": { "uv": [ 6, 6, 10, 10 ], "texture": "#texture" },
        "west":  { "uv": [ 13.5, 6, 15, 10 ], "texture": "#texture" },
        "east":  { "uv": [ 1, 6, 2.5, 10 ], "texture": "#texture" }
    }
},
{
    "from": [ 7.5, 6.5, 15 ],
    "to": [ 8.5, 8, 17.5 ],
    "faces": {
        "down":  { "uv": [ 8.5, 16, 7.5, 15 ], "texture": "#texture" },
        "up":    { "uv": [ 7.5, 15, 8.5, 16 ], "texture": "#texture" },
        "north": { "uv": [ 7.5, 8, 8.5, 9.5 ], "texture": "#texture" },
        "south": { "uv": [ 7.5, 8, 8.5, 9.5 ], "texture": "#texture" },
        "west":  { "uv": [ 15, 8, 16, 9.5 ], "texture": "#texture" },
        "east":  { "uv": [ 0, 8, 1, 9.5 ], "texture": "#texture" }
    }
},
{
    "from": [ 7.5, 5.5, 16.5 ],
    "to": [ 8.5, 7, 19 ],
    "faces": {
        "down":  { "uv": [ 8.5, 16, 7.5, 16 ], "texture": "#texture" },
        "up":    { "uv": [ 7.5, 16, 8.5, 16 ], "texture": "#texture" },
        "north": { "uv": [ 7.5, 9, 8.5, 10.5 ], "texture": "#texture" },
        "south": { "uv": [ 7.5, 9, 8.5, 10.5 ], "texture": "#texture" },
        "west":  { "uv": [ 16, 9, 16, 10.5 ], "texture": "#texture" },
        "east":  { "uv": [ 0, 9, 0, 10.5 ], "texture": "#texture" }
    }
},
{
    "from": [ 3.5, 6, 10.5 ],
    "to": [ 5.5, 9, 13.5 ],
    "faces": {
        "down":  { "uv": [ 12.5, 13.5, 10.5, 10.5 ], "texture": "#texture" },
        "up":    { "uv": [ 3.5, 10.5, 5.5, 13.5 ], "texture": "#texture" },
        "north": { "uv": [ 10.5, 7, 12.5, 10 ], "texture": "#texture" },
        "south": { "uv": [ 3.5, 7, 5.5, 10 ], "texture": "#texture" },
        "west":  { "uv": [ 10.5, 7, 13.5, 10 ], "texture": "#texture" },
        "east":  { "uv": [ 2.5, 7, 5.5, 10 ], "texture": "#texture" }
    }
},
{
    "from": [ 0, 7, 10.5 ],
    "to": [ 3.5, 8, 11.5 ],
    "faces": {
        "down":  { "uv": [ 16, 11.5, 12.5, 10.5 ], "texture": "#coal_block" },
        "up":    { "uv": [ 0, 10.5, 3.5, 11.5 ], "texture": "#coal_block" },
        "north": { "uv": [ 12.5, 8, 16, 9 ], "texture": "#coal_block" },
        "south": { "uv": [ 0, 8, 3.5, 9 ], "texture": "#coal_block" },
        "west":  { "uv": [ 10.5, 8, 11.5, 9 ], "texture": "#coal_block" },
        "east":  { "uv": [ 4.5, 8, 5.5, 9 ], "texture": "#coal_block" }
    }
}
],
"display": {
    "thirdperson": {
        "rotation": [ 0, -43, 180 ],
        "translation": [ 3.8, 0.2, -5.2 ],
        "scale": [ 1, 1, 1 ]
    },
    "head": {
        "rotation": [ 0, 0, 0 ],
        "translation": [ 0, 0, 0 ],
        "scale": [ 2, 2, 2 ]
    },
    "ground": {
        "rotation": [ 0, 0, 0 ],
        "translation": [ 0, -9.8, 0 ],
        "scale": [ 2, 2, 2 ]
    },
    "fixed": {
        "rotation": [ 0, -90, 0 ],
        "translation": [ 0, 0, -2.1 ],
        "scale": [ 1.5, 1.5, 1.5 ]
    },
    "firstperson": {
        "rotation": [ 11, -33, 16 ],
        "translation": [ 2.6, 0.8, -5.3 ],
        "scale": [ 2, 2, 2 ]
    },
    "gui": {
        "rotation": [ 0, 0, 0 ],
        "translation": [ 0, 0, 0 ],
        "scale": [ 1.5, 1.5, 1.5 ]
    }
}
}